severity,seed,H,ece_pert,ece_ablat,delta_ece,frac_recovered,auc_pert,auc_ablat,val_n,val_pos
1,42,10,0.33001064976526434,0.050519704326178194,-0.27949094543908615,0.8469149272542789,0.5661362905818064,0.7205882352941176,163,61
1,42,20,0.3246066938647892,0.12025716105889846,-0.20434953280589074,0.6295296328393337,0.6128787878787878,0.730909090909091,163,75
1,42,30,0.3878008385701926,0.14466009812380082,-0.24314074044639178,0.6269732199209335,0.5644283121597096,0.7580157289776165,163,87
1,42,50,0.5431076670677782,0.2848332340934691,-0.25827443297430913,0.47554923017147765,0.4783027965284475,0.6926229508196722,163,102
1,123,10,0.3278605010270936,0.03727883866177411,-0.29058166236531946,0.886296645844833,0.5718418514946962,0.7092574734811957,163,61
1,123,20,0.3199358961139193,0.1298284781602424,-0.19010741795367692,0.5942047149532277,0.6406060606060606,0.7272727272727273,163,75
1,123,30,0.3902772308404036,0.15835750102515403,-0.23191972981524958,0.5942435568578909,0.5643526920750151,0.779340592861464,163,87
1,123,50,0.542010996781456,0.28570585498705947,-0.25630514179439656,0.47287812113845584,0.4790260366441659,0.6833011893281903,163,102
1,456,10,0.3280154698902459,0.0403930910238161,-0.2876223788664298,0.8768561402383502,0.5689488910318226,0.7107039537126325,163,61
1,456,20,0.3214453877055875,0.12256992286476726,-0.19887546484082025,0.618691300131426,0.6473484848484847,0.7252272727272727,163,75
1,456,30,0.39000570144082886,0.15970105952994149,-0.23030464191088737,0.5905160900470294,0.5497580157289775,0.7608892921960072,163,87
1,456,50,0.540738028863186,0.26996449578194454,-0.27077353308124147,0.5007480861860205,0.48207971713275477,0.7083735133397621,163,102
1,789,10,0.3334588439957396,0.029789072540076525,-0.3036697714556631,0.9106664193304254,0.570073931211829,0.7040340726454516,163,61
1,789,20,0.3235071253312356,0.11348397687104234,-0.21002314846019327,0.6492071797341488,0.6024242424242425,0.7213636363636363,163,75
1,789,30,0.38802231122446723,0.13610377913058017,-0.25191853209388704,0.6492372340624366,0.5581518451300665,0.7513611615245009,163,87
1,789,50,0.5423798148351829,0.2624772314589658,-0.27990258337621715,0.5160637909456001,0.48328511732561874,0.7187399549983928,163,102
1,101112,10,0.3286494630559498,0.03097400196954752,-0.29767546108640225,0.905753681501453,0.5698328511732562,0.7074091931854709,163,61
1,101112,20,0.3277226925873464,0.12308123882162662,-0.20464145376571974,0.6244347992813395,0.5797727272727273,0.7215151515151516,163,75
1,101112,30,0.3921005690152714,0.12520520633599122,-0.26689536267928016,0.6806808859001814,0.5385662431941923,0.7564277071990321,163,87
1,101112,50,0.5429739135690047,0.28065737354324793,-0.2623165400257568,0.48311075996548747,0.45515911282545807,0.6933461909353905,163,102
2,42,10,0.3222822651986154,0.03752922370332369,-0.28475304149529174,0.8835516944123647,0.5200096432015429,0.6813725490196079,163,61
2,42,20,0.305325969774562,0.09961377614163447,-0.20571219363292753,0.6737461401819684,0.5979545454545455,0.7648484848484849,163,75
2,42,30,0.39682763201507903,0.1501213451131665,-0.24670628690191254,0.6216963411775165,0.49039624924379915,0.7460677555958862,163,87
2,42,50,0.5236415288592026,0.2861457263204532,-0.23749580253874936,0.45354653794582356,0.5265991642558663,0.6611218257794921,163,102
2,123,10,0.319554171767658,0.03865919307479699,-0.280894978692861,0.8790214727570342,0.5075538412086146,0.6911764705882353,163,61
2,123,20,0.3032161313657394,0.09509876638844836,-0.20811736497729103,0.6863664015495924,0.5764393939393939,0.7567424242424242,163,75
2,123,30,0.3924904188580881,0.1605447255109775,-0.2319456933471106,0.5909588672812283,0.48638838475499097,0.7557471264367815,163,87
2,123,50,0.5230972557879718,0.28681058925881453,-0.2362866665291573,0.4517069510778162,0.5083574413371906,0.6845065895210543,163,102
2,456,10,0.32290179089703935,0.03816320304535067,-0.2847385878516887,0.8818117330989985,0.5180810028929604,0.6813725490196079,163,61
2,456,20,0.3042907350697763,0.0966272239827678,-0.20766351108700848,0.6824509824112442,0.5862878787878788,0.7525757575757576,163,75
2,456,30,0.39581599844353527,0.14844004625164475,-0.2473759521918905,0.6249771438361396,0.506578947368421,0.7459921355111917,163,87
2,456,50,0.5231985070069118,0.27839180586593076,-0.24480670114098108,0.46790405144972447,0.5296528447444552,0.6687560270009643,163,102
2,789,10,0.32129192224005004,0.04033148601557353,-0.28096043622447653,0.8744708994412868,0.5249116039858566,0.6715686274509804,163,61
2,789,20,0.30315480062811645,0.08719602872720875,-0.2159587719009077,0.7123712751817077,0.576439393939394,0.7696969696969698,163,75
2,789,30,0.3899537495497437,0.14056663792692314,-0.24938711162282057,0.6395299748002756,0.4918330308529945,0.7329854809437387,163,87
2,789,50,0.5203802687423587,0.28619190200284983,-0.23418836673950882,0.4500331407750896,0.5376084860173578,0.6611218257794922,163,102
2,101112,10,0.3269974582792404,0.04028048795486899,-0.28671697032437143,0.8768171221671351,0.49276759884281585,0.6715686274509804,163,61
2,101112,20,0.29884776051447326,0.09051668880275714,-0.2083310717117161,0.697114381426414,0.5622727272727273,0.7484848484848485,163,75
2,101112,30,0.38818486230068466,0.14107618506546432,-0.24710867723522034,0.6365747385682754,0.46604658197217175,0.7330611010284331,163,87
2,101112,50,0.5233913270991162,0.2908184426491556,-0.2325728844499606,0.44435754359742685,0.5259562841530054,0.658309225329476,163,102
3,42,10,0.31178734031529115,0.06050300244340998,-0.25128433787188115,0.8059478541295901,0.5666988106718097,0.6287367405978785,163,61
3,42,20,0.30396762580215914,0.04037409254962228,-0.26359353325253687,0.8671763401017574,0.5575000000000001,0.8798484848484849,163,75
3,42,30,0.382252103129054,0.12708545802259386,-0.25516664510646014,0.6675349671531097,0.5055202661826981,0.6527525710828797,163,87
3,42,50,0.503811081199287,0.2751617836247349,-0.22864929757455205,0.4538393578606259,0.5781099324975892,0.6373352619736419,163,102
3,123,10,0.3129501442443033,0.059519716719315614,-0.2534304275249877,0.8098108666380681,0.583011893281903,0.6239151398264224,163,61
3,123,20,0.3029199682524301,0.0417665452689353,-0.2611534229834948,0.8621201979193056,0.5562878787878787,0.8784848484848485,163,75
3,123,30,0.38080624282563363,0.12345855149166174,-0.2573476913339719,0.6757969339589008,0.5055202661826981,0.6461736237144585,163,87
3,123,50,0.4972484216104862,0.275163859815237,-0.2220845617952492,0.44662698189360284,0.5981195756991321,0.6367727418836386,163,102
3,456,10,0.3115352339376306,0.06307522256528615,-0.24846001137234447,0.7975342250439839,0.5628415300546448,0.6383799421407907,163,61
3,456,20,0.3035222965815695,0.04579839167299463,-0.25772390490857483,0.84911028880316,0.563939393939394,0.8743181818181819,163,75
3,456,30,0.3766284113134551,0.1265146130804287,-0.2501137982330264,0.6640863798904038,0.5158802177858439,0.6654567453115547,163,87
3,456,50,0.4959912899819188,0.27475989752095525,-0.22123139246096357,0.44603886586199626,0.5804403728704597,0.6373352619736419,163,102
3,789,10,0.31136340349539565,0.06279868859556405,-0.24856471489983162,0.7983106303098569,0.5721632915461267,0.6432015429122468,163,61
3,789,20,0.30506390350965695,0.05028358718554779,-0.25478031632410914,0.8351703147863377,0.5732575757575757,0.8797727272727273,163,75
3,789,30,0.38216904648453165,0.13708329858663426,-0.2450857478978974,0.6413019320962126,0.5319116757410769,0.6653055051421658,163,87
3,789,50,0.49412176316122447,0.2749287357978878,-0.21919302736333668,0.4436012410402925,0.5789135326261653,0.6367727418836386,163,102
3,101112,10,0.31204192722134366,0.05393980169154082,-0.25810212552980283,0.8271392496134689,0.5654934104789456,0.6432015429122468,163,61
3,101112,20,0.3051356238763652,0.043355752247068134,-0.2617798716292971,0.8579131741607626,0.5777272727272728,0.8631818181818182,163,75
3,101112,30,0.37917253915899923,0.13847137960017789,-0.24070115955882135,0.6348064131772149,0.5198880822746521,0.6653055051421658,163,87
3,101112,50,0.49812159206296497,0.2745066942236691,-0.2236148978392959,0.4489162915287356,0.5836547733847638,0.6367727418836386,163,102
4,42,10,0.3273025487403387,0.052711176147423246,-0.27459137259291544,0.8389527476938745,0.6730954676952747,0.6239151398264224,163,61
4,42,20,0.31690569959600884,0.03067907511274591,-0.2862266244832629,0.9031917849636167,0.6968939393939395,0.861969696969697,163,75
4,42,30,0.39466142973221235,0.11979821860792621,-0.27486321112428613,0.6964531885236105,0.6827737447065941,0.646249243799153,163,87
4,42,50,0.48135161013311717,0.2839459584330869,-0.19740565170003027,0.41010697283309805,0.7675184828029573,0.6325940212150434,163,102
4,123,10,0.326207665772583,0.05774215240800293,-0.26846551336458,0.8229895907833812,0.6635326261652201,0.6142719382835101,163,61
4,123,20,0.3123768731536366,0.017623518968940682,-0.29475335418469595,0.943582510475182,0.6553787878787878,0.8391666666666666,163,75
4,123,30,0.40008623543277516,0.11483451503581481,-0.28525172039696034,0.7129755915956524,0.6218995765275257,0.6398971566848154,163,87
4,123,50,0.4929639398089,0.2796953831090831,-0.21326855669981692,0.4326250654003041,0.7626968820315011,0.6258437801350049,163,102
4,456,10,0.32073313611177584,0.05418947548843044,-0.2665436606233454,0.8310449735709711,0.6673899067823851,0.6239151398264224,163,61
4,456,20,0.3245099383228635,0.02724977831977454,-0.29726016000308897,0.9160279082341601,0.6921969696969696,0.8548484848484847,163,75
4,456,30,0.4046171293948353,0.1235328267071136,-0.28108430268772167,0.6946920490195875,0.6497277676950999,0.6330913490623109,163,87
4,456,50,0.5136060774325559,0.27005983763857433,-0.2435462397939816,0.4741887810429245,0.7654291224686596,0.6391031822565091,163,102
4,789,10,0.32432837656273233,0.05666023086216735,-0.26766814570056496,0.8252998042827498,0.6571038251366119,0.6189328190292511,163,61
4,789,20,0.31431393625274723,0.04460997689530673,-0.2697039593574405,0.8580719091646168,0.6504545454545454,0.8513636363636364,163,75
4,789,30,0.3949274683152635,0.1389869403974464,-0.2559405279178171,0.648069705076843,0.6225045372050817,0.639519056261343,163,87
4,789,50,0.4878974740081907,0.28453201738159956,-0.20336545662659117,0.4168200645842596,0.7737062037929926,0.6325940212150434,163,102
4,101112,10,0.3246995941719112,0.05027692840673331,-0.2744226657651779,0.8451586349069646,0.6691578270652523,0.6383799421407907,163,61
4,101112,20,0.31370706372792606,0.03738691372748506,-0.276320150000441,0.8808222126617136,0.6957575757575758,0.8626515151515152,163,75
4,101112,30,0.4046787759710914,0.12127228036653014,-0.28340649560456127,0.7003245844175596,0.6374016938898972,0.6427707199032064,163,87
4,101112,50,0.4870858493953114,0.27067741452637334,-0.21640843486893807,0.44429218204059195,0.7579556412729026,0.6436837029893925,163,102
